mp;fg;fga;fgp;three;threeatt;threep;ft;fta;ftp;orb;drb;trb;ast;stl;blk;tov;pts;player
43:00:00;18;36;.500;0;0;;13;15;.867;0;4;4;2;2;1;5;49;0
53:00:00;22;41;.537;0;0;;19;21;.905;1;4;5;6;3;2;4;63;0
39:00:00;8;18;.444;1;1;1;2;3;.667;4;6;10;9;2;1;5;19;0
44:00:00;12;25;.480;0;1;.000;11;11;1;0;6;6;7;4;2;2;35;0
45:00:00;14;29;.483;2;3;.667;12;14;.857;1;3;4;4;0;4;4;42;0
39:00:00;9;30;.300;0;1;.000;12;14;.857;6;5;11;7;2;1;2;30;0
44:00:00;19;35;.543;0;0;;12;12;1;1;6;7;2;2;2;5;50;0
44:00:00;24;45;.533;0;0;;7;7;1;3;3;6;3;4;1;1;55;0
44:00:00;12;25;.480;0;0;;14;15;.933;2;3;5;9;2;1;4;38;0
42:00:00;18;25;.720;0;0;;8;9;.889;2;3;5;4;4;2;4;44;0
43:00:00;12;22;.545;0;0;;15;18;.833;1;3;4;6;2;2;7;39;0
40:00:00;10;22;.455;0;1;.000;9;10;.900;5;6;11;6;0;1;5;29;0
44:00:00;14;22;.636;0;0;;8;10;.800;4;7;11;1;1;1;2;36;0
38:00:00;8;20;.400;0;0;;8;9;.889;1;6;7;3;1;1;5;24;0
45:00:00;11;22;.500;0;0;;1;2;.500;2;5;7;5;6;0;3;23;0
43:00:00;10;22;.455;1;2;.500;4;7;.571;2;6;8;8;2;0;3;25;0
40:00:00;12;21;.571;0;1;.000;7;8;.875;0;5;5;11;4;1;6;31;0
44:00:00;10;22;.455;0;1;.000;10;10;1;3;2;5;10;2;0;7;30;0
39:00:00;18;34;.529;1;1;1;7;9;.778;2;5;7;10;5;1;5;44;0
43:00:00;14;28;.500;0;1;.000;22;27;.815;0;3;3;4;3;0;1;50;0
44:00:00;17;32;.531;1;1;1;9;13;.692;3;6;9;6;1;0;2;44;0
46:00:00;11;17;.647;1;2;.500;11;11;1;2;8;10;12;2;0;6;34;0
34:00:00;7;17;.412;0;2;.000;1;4;.250;2;6;8;3;1;0;1;15;0
39:00:00;14;25;.560;1;2;.500;11;13;.846;2;13;15;9;6;1;3;40;0
42:00:00;12;18;.667;0;1;.000;23;28;.821;0;11;11;6;1;2;6;47;0
43:00:00;13;30;.433;1;3;.333;11;15;.733;5;3;8;10;5;1;3;38;0
45:00:00;14;22;.636;1;3;.333;11;12;.917;1;4;5;10;0;4;6;40;0
45:00:00;10;29;.345;2;6;.333;10;13;.769;2;9;11;4;0;0;3;32;0
38:00:00;9;20;.450;0;2;.000;9;11;.818;1;3;4;4;2;1;4;27;0
45:00:00;16;26;.615;0;3;.000;14;15;.933;3;4;7;5;5;0;2;46;0
43:00:00;5;15;.333;1;3;.333;12;17;.706;0;2;2;4;1;0;1;23;0
46:00:00;4;8;.500;0;1;.000;10;11;.909;0;5;5;9;1;0;4;18;0
42:00:00;13;26;.500;1;2;.500;5;12;.417;0;4;4;13;3;2;8;32;0
44:00:00;15;27;.556;0;1;.000;8;11;.727;1;7;8;7;2;1;7;38;0
44:00:00;12;21;.571;0;0;;12;14;.857;1;8;9;11;5;1;5;36;0
46:00:00;20;35;.571;1;5;.200;7;9;.778;2;7;9;5;1;2;5;48;0
32:00:00;8;19;.421;0;0;;9;13;.692;1;5;6;5;2;0;1;25;0
43:00:00;16;30;.533;2;4;.500;5;6;.833;1;4;5;6;5;2;4;39;0
43:00:00;18;36;.500;1;3;.333;8;8;1;4;4;8;7;3;0;2;45;0
42:00:00;19;34;.559;4;11;.364;7;9;.778;2;3;5;5;4;1;5;49;0
42:00:00;16;31;.516;1;2;.500;12;13;.923;1;5;6;11;2;2;3;45;0
42:00:00;17;26;.654;1;3;.333;2;4;.500;2;7;9;8;6;1;4;37;0
42:00:00;12;27;.444;2;6;.333;8;8;1;1;6;7;5;3;0;1;34;0
45:00:00;5;16;.313;0;2;.000;10;12;.833;1;6;7;7;4;1;3;20;0
43:00:00;17;32;.531;2;2;1;11;13;.846;3;7;10;4;1;0;4;47;0
43:00:00;13;26;.500;0;1;.000;16;19;.842;0;4;4;9;4;3;4;42;0
39:00:00;7;19;.368;1;4;.250;7;9;.778;1;3;4;8;1;0;1;22;0
39:00:00;11;20;.550;1;4;.250;6;6;1;1;9;10;2;1;0;3;29;0
45:00:00;13;27;.481;0;2;.000;5;5;1;2;6;8;9;1;0;4;31;0
32:00:00;8;15;.533;3;4;.750;9;9;1;1;5;6;6;2;0;1;28;0
42:00:00;9;16;.563;0;0;;8;9;.889;1;4;5;5;0;1;2;26;0
39:00:00;14;28;.500;0;2;.000;5;5;1;1;2;3;7;6;1;1;33;0
31:00:00;8;15;.533;0;1;.000;13;15;.867;0;5;5;5;3;1;1;29;0
40:00:00;12;26;.462;0;5;.000;5;7;.714;1;7;8;9;1;1;1;29;0
42:00:00;20;34;.588;0;0;;6;9;.667;0;4;4;6;1;4;2;46;0
41:00:00;11;27;.407;2;3;.667;1;2;.500;0;4;4;12;4;0;1;25;0
42:00:00;14;31;.452;0;2;.000;10;11;.909;4;15;19;7;0;1;4;38;0
38:00:00;6;15;.400;0;1;.000;10;13;.769;0;3;3;6;3;0;6;22;0
39:00:00;10;20;.500;2;2;1;13;14;.929;2;1;3;7;2;0;3;35;0
46:00:00;11;19;.579;0;0;;11;12;.917;0;7;7;7;3;5;1;33;0
37:00:00;11;17;.647;1;2;.500;6;9;.667;0;8;8;8;1;2;2;29;0
40:00:00;14;24;.583;1;1;1;7;9;.778;2;6;8;12;3;0;4;36;0
36:00:00;15;18;.833;0;1;.000;3;4;.750;1;6;7;13;2;1;4;33;0
52:00:00;11;28;.393;1;1;1;6;6;1;4;5;9;9;4;2;3;29;0
44:00:00;11;20;.550;0;1;.000;6;6;1;1;4;5;13;0;2;1;28;0
48:00:00;12;23;.522;0;0;;6;8;.750;0;4;4;10;5;2;6;30;0
41:00:00;21;34;.618;0;0;;4;4;1;1;10;11;9;3;1;5;46;0
35:00:00;12;23;.522;0;0;;9;10;.900;4;9;13;6;2;0;4;33;0
43:00:00;20;30;.667;0;0;;16;18;.889;1;4;5;5;4;2;2;56;0
44:00:00;12;23;.522;0;0;;7;8;.875;1;5;6;3;1;3;2;31;0
43:00:00;12;24;.500;0;0;;3;8;.375;1;5;6;5;3;0;2;27;0
44:00:00;12;24;.500;1;3;.333;7;10;.700;1;8;9;3;3;1;6;32;0
44:00:00;12;26;.462;0;2;.000;5;6;.833;2;2;4;4;0;0;0;29;0
40:00:00;11;23;.478;0;0;;15;17;.882;2;3;5;3;1;0;4;37;0
45:00:00;9;25;.360;1;5;.200;2;4;.500;0;4;4;8;0;1;7;21;0
42:00:00;15;29;.517;0;0;;12;13;.923;3;3;6;4;2;3;5;42;0
40:00:00;15;29;.517;1;2;.500;2;2;1;1;5;6;7;2;1;1;33;0
35:00:00;7;22;.318;0;0;;6;7;.857;8;3;11;3;3;2;6;20;0
43:00:00;13;27;.481;1;1;1;9;10;.900;3;3;6;9;1;0;5;36;0
44:00:00;15;33;.455;1;3;.333;4;5;.800;2;3;5;6;3;0;5;35;0
39:00:00;13;28;.464;0;0;;11;12;.917;0;3;3;5;4;0;0;37;0
44:00:00;10;27;.370;0;0;;9;9;1;1;7;8;8;2;0;3;29;0
34:00:00;16;27;.593;6;10;.600;1;1;1;2;1;3;11;2;0;1;39;0
50:00:00;16;32;.500;0;4;.000;7;9;.778;1;4;5;10;1;0;5;39;0
41:00:00;11;22;.500;0;1;.000;4;4;1;2;5;7;4;3;0;5;26;0
44:00:00;11;26;.423;2;6;.333;8;8;1;0;5;5;6;0;0;5;32;0
42:00:00;14;23;.609;2;4;.500;16;19;.842;0;5;5;4;0;1;4;46;0
43:00:00;13;24;.542;2;3;.667;5;5;1;1;3;4;4;4;1;4;33;0
29:00:00;15;26;.577;2;4;.500;3;4;.750;3;4;7;5;0;0;0;35;0
38:00:00;10;24;.417;2;4;.500;7;8;.875;0;6;6;4;3;4;0;29;0
40:00:00;16;28;.571;2;5;.400;5;5;1;0;7;7;4;2;1;4;39;0
42:00:00;16;30;.533;0;4;.000;11;11;1;0;0;0;4;3;1;3;43;0
31:00:00;8;18;.444;0;2;.000;2;5;.400;2;3;5;6;2;0;2;18;0
40:00:00;12;24;.500;0;1;.000;8;10;.800;2;4;6;5;2;0;2;32;0
40:00:00;11;24;.458;2;2;1;7;9;.778;3;6;9;6;2;1;4;31;0
43:00:00;10;27;.370;2;4;.500;5;6;.833;1;1;2;5;4;0;1;27;0
39:00:00;12;32;.375;1;7;.143;11;13;.846;3;6;9;1;2;0;3;36;0
38:00:00;3;18;.167;0;0;;16;17;.941;1;7;8;11;2;2;2;22;0
39:00:00;18;30;.600;6;9;.667;12;14;.857;0;6;6;2;2;1;2;54;0
45:00:00;11;24;.458;0;1;.000;7;9;.778;2;8;10;14;2;1;5;29;0
45:00:00;8;24;.333;1;4;.250;8;9;.889;0;2;2;9;3;2;1;25;0
43:00:00;14;28;.500;0;1;.000;3;4;.750;2;5;7;5;5;1;2;31;0
40:00:00;18;36;.500;2;2;1;4;5;.800;5;7;12;9;2;0;5;42;0
57:00:00;19;43;.442;3;9;.333;3;6;.500;3;6;9;6;2;1;3;44;0
46:00:00;21;37;.568;0;1;.000;13;18;.722;1;7;8;4;0;0;1;55;0
44:00:00;16;29;.552;2;7;.286;7;10;.700;1;6;7;7;0;2;2;41;0
44:00:00;13;26;.500;3;5;.600;4;6;.667;3;5;8;7;1;0;3;33;0
47:00:00;18;32;.563;1;4;.250;11;11;1;1;8;9;8;1;1;3;48;0
40:00:00;13;25;.520;3;6;.500;3;6;.500;3;4;7;7;0;0;5;32;0
38:00:00;9;19;.474;1;2;.500;6;7;.857;2;4;6;3;4;2;6;25;0
41:00:00;8;21;.381;3;5;.600;5;6;.833;1;3;4;5;3;0;3;24;0
40:00:00;8;22;.364;0;2;.000;3;5;.600;2;3;5;3;1;0;8;19;0
43:00:00;17;30;.567;1;1;1;3;8;.375;3;4;7;3;4;4;2;38;0
43:00:00;15;31;.484;0;3;.000;10;10;1;4;3;7;4;0;1;4;40;0
44:00:00;9;21;.429;0;1;.000;8;8;1;2;5;7;3;4;0;4;26;0
45:00:00;15;28;.536;1;4;.250;8;8;1;0;4;4;2;2;2;0;39;0
39:00:00;8;19;.421;1;2;.500;7;10;.700;2;7;9;7;4;4;6;24;0
38:00:00;13;22;.591;0;1;.000;9;12;.750;2;2;4;2;1;1;4;35;0
32:00:00;9;17;.529;2;3;.667;9;12;.750;0;4;4;4;1;0;0;29;0
33:00:00;10;23;.435;3;6;.500;3;3;1;1;2;3;2;3;0;0;26;0
41:00:00;17;35;.486;1;5;.200;9;9;1;1;4;5;2;0;0;1;44;0
40:00:00;11;25;.440;1;3;.333;5;5;1;3;2;5;5;3;0;2;28;0
51:00:00;17;35;.486;2;5;.400;10;13;.769;3;1;4;2;2;0;4;46;0
40:00:00;7;23;.304;2;7;.286;11;13;.846;2;6;8;8;2;1;0;27;0
43:00:00;13;29;.448;1;2;.500;8;9;.889;1;1;2;5;2;0;2;35;0
37:00:00;9;17;.529;1;2;.500;2;3;.667;2;5;7;4;2;0;3;21;0
43:00:00;9;21;.429;2;4;.500;15;16;.938;1;4;5;6;4;1;2;35;0
39:00:00;5;14;.357;1;1;1;6;11;.545;3;4;7;4;2;1;2;17;0
44:00:00;16;23;.696;3;4;.750;10;14;.714;2;1;3;5;1;1;4;45;0
41:00:00;9;18;.500;1;4;.250;9;10;.900;0;7;7;2;2;1;2;28;0
43:00:00;9;22;.409;1;2;.500;10;16;.625;2;4;6;8;2;0;2;29;0
41:00:00;11;23;.478;3;4;.750;11;11;1;2;1;3;5;2;0;3;36;0
41:00:00;6;19;.316;0;2;.000;11;13;.846;1;2;3;2;1;0;4;23;0
43:00:00;11;22;.500;0;4;.000;4;5;.800;2;2;4;1;1;0;2;26;0
43:00:00;5;19;.263;1;3;.333;11;12;.917;3;6;9;7;2;0;5;22;0
41:32:00;12;25;.480;0;1;.000;5;5;1;0;8;8;8;2;0;3;29;0
44:13:00;22;35;.629;1;2;.500;10;10;1;3;4;7;2;2;0;2;55;0
42:37:00;14;24;.583;0;5;.000;0;0;;1;1;2;6;0;1;2;28;0
44:07:00;13;25;.520;1;3;.333;7;10;.700;3;8;11;6;4;3;3;34;0
44:32:00;12;29;.414;0;6;.000;3;3;1;6;10;16;6;0;1;1;27;0
38:29:00;8;20;.400;0;1;.000;5;5;1;3;6;9;3;2;2;5;21;0
42:40:00;12;22;.545;0;2;.000;3;5;.600;2;6;8;4;2;1;5;27;0
40:29:00;9;23;.391;1;5;.200;5;5;1;2;5;7;7;2;0;2;24;0
42:10:00;15;31;.484;0;2;.000;7;10;.700;3;6;9;3;1;1;2;37;0
43:29:00;4;15;.267;0;1;.000;15;16;.938;2;7;9;3;4;1;2;23;0
36:06:00;14;25;.560;1;2;.500;5;5;1;3;5;8;1;1;0;3;34;0
44:42:00;9;35;.257;0;8;.000;11;13;.846;4;4;8;1;1;0;2;29;0
42:36:00;11;31;.355;1;4;.250;5;6;.833;1;5;6;5;2;2;4;28;0
40:52:00;13;27;.481;0;0;;5;7;.714;1;3;4;8;0;1;0;31;0
44:54:00;11;20;.550;1;2;.500;15;21;.714;4;9;13;9;2;0;5;38;0
40:31:00;9;22;.409;4;10;.400;4;5;.800;0;3;3;6;1;2;1;26;0
42:05:00;11;27;.407;0;4;.000;0;0;;1;3;4;4;0;0;3;22;0
44:17:00;13;27;.481;2;5;.400;10;12;.833;2;5;7;5;3;1;3;38;0
43:36:00;15;35;.429;1;4;.250;8;10;.800;1;10;11;4;1;1;1;39;0
47:29:00;11;27;.407;0;2;.000;17;23;.739;0;7;7;3;1;1;3;39;0
38:59:00;9;19;.474;0;0;;14;17;.824;1;3;4;2;1;1;5;32;0
43:40:00;16;22;.727;2;2;1;4;5;.800;2;2;4;3;2;1;2;38;0
44:21:00;11;26;.423;1;3;.333;12;14;.857;4;7;11;4;1;1;3;35;0
39:43:00;10;21;.476;0;3;.000;2;3;.667;1;4;5;6;0;0;0;22;0
38:55:00;9;20;.450;0;1;.000;9;10;.900;3;2;5;6;1;0;3;27;0
39:31:00;14;31;.452;0;1;.000;3;3;1;0;3;3;4;1;0;2;31;0
41:59:00;15;29;.517;0;3;.000;3;4;.750;1;3;4;3;2;1;0;33;0
40:58:00;11;28;.393;0;0;;9;10;.900;2;4;6;1;5;0;1;31;0
42:20:00;13;22;.591;0;1;.000;15;18;.833;0;4;4;5;4;0;0;41;0
43:30:00;9;22;.409;2;3;.667;10;12;.833;1;3;4;7;1;0;5;30;0
40:49:00;12;27;.444;1;3;.333;3;4;.750;2;3;5;2;0;2;6;28;0
36:26:00;12;20;.600;2;4;.500;3;4;.750;1;6;7;4;1;1;0;29;0
41:45:00;12;23;.522;1;4;.250;10;11;.909;1;4;5;2;1;0;3;35;0
42:01:00;9;25;.360;0;0;;10;15;.667;5;4;9;8;0;0;2;28;0
45:36:00;13;29;.448;1;2;.500;6;8;.750;1;2;3;2;0;2;0;33;0
40:14:00;14;33;.424;0;2;.000;9;10;.900;3;2;5;3;1;1;0;37;0
32:06:00;7;14;.500;0;0;;10;11;.909;1;2;3;2;1;1;2;24;0
43:10:00;12;27;.444;0;0;;10;15;.667;3;5;8;2;2;0;3;34;0
44:43:00;9;26;.346;0;2;.000;10;11;.909;1;3;4;4;3;0;4;28;0
43:41:00;15;35;.429;3;7;.429;12;15;.800;0;1;1;1;4;0;1;45;0
32:48:00;9;14;.643;2;4;.500;2;4;.500;0;5;5;6;0;0;5;22;1
41:06:00;13;20;.650;0;2;.000;4;7;.571;2;6;8;7;3;1;5;30;1
43:44:00;8;17;.471;1;3;.333;7;9;.778;2;6;8;7;2;1;2;24;1
32:29:00;7;12;.583;1;3;.333;4;8;.500;0;5;5;9;3;0;3;19;1
44:25:00;6;17;.353;2;4;.500;11;11;1;0;8;8;7;2;0;1;25;1
43:12:00;9;20;.450;1;4;.250;8;9;.889;0;7;7;8;2;0;5;27;1
44:26:00;5;14;.357;1;3;.333;12;15;.800;0;7;7;8;2;0;2;23;1
46:33:00;12;24;.500;2;6;.333;4;7;.571;3;7;10;10;0;3;4;30;1
45:17:00;14;20;.700;3;7;.429;5;7;.714;4;4;8;3;3;1;5;36;1
41:13:00;8;17;.471;0;1;.000;6;6;1;0;4;4;3;0;0;0;22;1
43:19:00;8;18;.444;4;7;.571;4;6;.667;4;2;6;5;1;3;2;24;1
44:29:00;13;26;.500;3;7;.429;1;4;.250;0;8;8;6;2;1;3;30;1
42:17:00;10;21;.476;2;4;.500;7;8;.875;0;7;7;6;2;1;4;29;1
40:49:00;8;17;.471;1;2;.500;15;16;.938;2;6;8;4;2;1;2;32;1
41:35:00;7;16;.438;1;5;.200;3;4;.750;2;16;18;10;0;0;2;18;1
40:33:00;7;17;.412;1;3;.333;2;2;1;1;7;8;7;3;3;2;17;1
39:07:00;7;21;.333;1;5;.200;0;0;;1;10;11;5;2;0;2;15;1
41:23:00;15;25;.600;1;2;.500;2;4;.500;3;8;11;4;2;2;1;33;1
43:41:00;8;22;.364;2;4;.500;7;9;.778;3;3;6;8;4;0;3;25;1
49:46:00;11;26;.423;1;5;.200;9;12;.750;4;6;10;11;3;1;6;32;1
45:00:00;12;23;.522;5;10;.500;8;8;1;3;9;12;4;2;0;2;37;1
38:32:00;8;16;.500;4;8;.500;7;10;.700;0;9;9;1;0;0;3;27;1
39:50:00;11;17;.647;1;5;.200;9;12;.750;0;6;6;8;4;0;4;32;1
35:59:00;10;18;.556;1;2;.500;9;10;.900;0;10;10;6;2;0;2;30;1
42:54:00;10;19;.526;1;5;.200;10;12;.833;0;7;7;9;3;1;2;31;1
36:21:00;10;15;.667;0;0;;2;2;1;1;4;5;3;0;0;1;22;1
39:07:00;9;18;.500;0;3;.000;4;6;.667;0;4;4;3;2;1;2;22;1
39:39:00;8;15;.533;3;7;.429;9;10;.900;0;8;8;5;1;1;2;28;1
43:28:00;16;24;.667;3;6;.500;14;19;.737;0;6;6;2;3;0;1;49;1
43:36:00;6;14;.429;2;5;.400;15;17;.882;2;7;9;5;0;1;5;29;1
40:50:00;11;18;.611;1;5;.200;2;2;1;1;9;10;5;3;0;4;25;1
42:21:00;9;18;.500;1;5;.200;3;6;.500;0;7;7;6;2;3;3;22;1
39:46:00;9;14;.643;1;2;.500;7;9;.778;1;4;5;7;3;0;6;26;1
35:48:00;13;21;.619;2;3;.667;4;4;1;0;10;10;5;2;0;2;32;1
24:21:00;2;10;.200;1;3;.333;2;3;.667;1;1;2;4;0;1;3;7;1
31:39:00;8;12;.667;0;0;;9;9;1;1;3;4;6;1;1;2;25;1
32:53:00;9;17;.529;2;3;.667;5;6;.833;3;3;6;3;3;0;4;25;1
37:36:00;14;22;.636;3;3;1;4;5;.800;2;8;10;3;2;0;4;35;1
39:49:00;9;14;.643;2;4;.500;2;3;.667;1;4;5;7;5;0;7;22;1
37:39:00;10;17;.588;4;8;.500;4;6;.667;0;8;8;2;0;0;3;28;1
41:16:00;10;21;.476;3;9;.333;8;9;.889;1;9;10;5;0;2;1;31;1
41:55:00;8;18;.444;1;3;.333;3;4;.750;0;6;6;7;2;1;5;20;1
41:48:00;11;22;.500;1;5;.200;7;8;.875;1;8;9;7;0;2;6;30;1
41:58:00;13;26;.500;1;5;.200;4;5;.800;1;10;11;4;4;2;2;31;1
46:22:00;10;24;.417;1;7;.143;6;10;.600;0;10;10;8;3;1;6;27;1
41:56:00;9;22;.409;0;3;.000;1;2;.500;4;11;15;9;3;1;6;19;1
34:13:00;13;29;.448;0;2;.000;7;9;.778;3;5;8;5;2;1;2;33;1
43:39:00;8;25;.320;1;7;.143;10;11;.909;2;6;8;14;1;1;7;27;1
43:09:00;10;30;.333;1;7;.143;4;4;1;2;12;14;8;1;2;8;25;1
40:56:00;14;24;.583;1;5;.200;9;12;.750;2;10;12;6;3;3;0;38;1
41:03:00;7;23;.304;0;4;.000;1;2;.500;1;8;9;11;0;2;4;15;1
38:02:00;12;26;.462;0;1;.000;7;8;.875;1;7;8;6;1;0;4;31;1
38:58:00;10;22;.455;2;7;.286;8;11;.727;1;8;9;11;0;1;4;30;1
46:47:00;14;37;.378;1;6;.167;8;10;.800;8;10;18;13;3;0;6;37;1
29:10:00;10;20;.500;2;6;.333;1;4;.250;0;9;9;7;2;1;1;23;1
45:46:00;18;38;.474;2;8;.250;6;10;.600;0;8;8;6;0;0;4;44;1
50:20:00;11;35;.314;3;6;.500;14;18;.778;4;12;16;11;1;1;3;39;1
46:00:00;14;34;.412;2;6;.333;10;12;.833;1;11;12;8;4;2;4;40;1
40:55:00;7;22;.318;1;4;.250;5;10;.500;2;10;12;8;0;0;2;20;1
44:46:00;15;34;.441;3;8;.375;7;9;.778;1;13;14;11;1;0;2;40;1
46:42:00;13;33;.394;2;10;.200;4;8;.500;3;15;18;9;2;0;6;32;1
40:51:00;9;17;.529;0;3;.000;4;4;1;1;5;6;11;2;2;1;22;1
39:44:00;12;18;.667;2;4;.500;1;3;.333;1;5;6;3;3;0;5;27;1
42:55:00;8;24;.333;1;6;.167;3;5;.600;1;12;13;7;0;1;5;20;1
41:27:00;9;19;.474;1;6;.167;3;3;1;2;9;11;6;2;0;2;22;1
40:34:00;11;21;.524;2;4;.500;1;1;1;0;7;7;9;5;1;4;25;1
28:08:00;9;15;.600;4;6;.667;5;9;.556;0;4;4;5;3;0;2;27;1
38:58:00;8;16;.500;1;4;.250;7;9;.778;2;11;13;8;2;0;5;24;1
37:52:00;10;23;.435;1;5;.200;0;3;.000;5;5;10;9;2;1;6;21;1
28:18:00;11;13;.846;0;1;.000;2;4;.500;2;4;6;4;2;1;4;24;1
33:45:00;7;13;.538;0;2;.000;9;17;.529;1;10;11;11;3;0;2;23;1
38:50:00;9;17;.529;1;5;.200;5;7;.714;4;4;8;5;2;0;2;24;1
45:48:00;11;16;.688;1;3;.333;6;6;1;4;5;9;6;2;1;1;29;1
31:30:00;10;17;.588;2;4;.500;1;3;.333;0;6;6;8;2;1;2;23;1
41:15:00;13;22;.591;3;6;.500;4;7;.571;2;9;11;6;1;3;3;33;1
40:53:00;9;21;.429;2;4;.500;3;4;.750;4;8;12;9;2;1;4;23;1
33:38:00;7;17;.412;1;5;.200;4;4;1;0;8;8;9;4;1;7;19;1
40:04:00;14;26;.538;1;2;.500;3;5;.600;2;9;11;6;1;2;5;32;1
45:34:00;11;21;.524;1;5;.200;2;4;.500;4;9;13;9;2;3;7;25;1
42:38:00;16;30;.533;4;8;.500;5;8;.625;4;12;16;7;3;3;2;41;1
42:35:00;16;27;.593;3;6;.500;6;8;.750;2;6;8;11;4;3;1;41;1
46:49:00;9;24;.375;1;5;.200;8;10;.800;1;10;11;11;2;3;5;27;1
42:44:00;12;20;.600;2;3;.667;6;9;.667;1;5;6;13;3;0;3;32;1
42:16:00;11;20;.550;0;2;.000;3;6;.500;0;10;10;7;4;4;8;25;1
45:13:00;14;27;.519;6;12;.500;7;14;.500;1;12;13;12;1;2;3;41;1
44:44:00;13;25;.520;1;3;.333;6;9;.667;0;10;10;4;4;2;4;33;1
41:02:00;13;23;.565;2;5;.400;7;8;.875;2;8;10;4;1;1;3;35;1
36:36:00;10;14;.714;4;6;.667;15;21;.714;1;5;6;4;3;2;3;39;1
40:38:00;9;16;.563;2;4;.500;15;16;.938;0;8;8;7;1;0;5;35;1
46:11:00;11;22;.500;5;12;.417;8;9;.889;1;8;9;6;0;1;6;35;1
41:58:00;14;24;.583;1;6;.167;9;11;.818;2;7;9;7;2;0;2;38;1
32:48:00;12;18;.667;4;6;.667;2;4;.500;0;4;4;7;4;3;1;30;1
45:03:00;4;13;.308;0;4;.000;3;6;.500;1;5;6;6;1;1;6;11;1
38:16:00;15;27;.556;1;6;.167;3;4;.750;0;5;5;6;1;1;5;34;1
34:44:00;13;18;.722;4;7;.571;5;8;.625;1;7;8;8;3;1;2;35;1
40:02:00;9;20;.450;2;6;.333;8;12;.667;3;12;15;8;0;2;8;28;1
39:22:00;12;18;.667;1;3;.333;4;5;.800;0;11;11;14;3;1;4;29;1
45:37:00;15;27;.556;4;9;.444;5;6;.833;3;8;11;9;1;1;5;39;1
40:46:00;11;22;.500;3;8;.375;6;10;.600;1;9;10;11;1;0;2;31;1
46:13:00;19;30;.633;2;5;.400;1;4;.250;2;11;13;8;2;1;2;41;1
43:56:00;7;17;.412;0;4;.000;10;14;.714;3;7;10;12;1;1;3;24;1
39:53:00;17;24;.708;2;5;.400;10;13;.769;1;11;12;5;2;0;3;46;1
41:41:00;10;22;.455;4;7;.571;4;6;.667;3;9;12;8;1;1;6;28;1
46:09:00;12;22;.545;0;5;.000;8;9;.889;2;11;13;7;0;2;1;32;1
41:49:00;14;24;.583;1;4;.250;15;15;1;3;7;10;8;1;1;5;44;1
31:11:00;7;16;.438;3;6;.500;5;5;1;0;5;5;7;1;2;4;22;1
43:25:00;16;25;.640;2;3;.667;11;15;.733;2;6;8;7;4;0;4;45;1
46:56:00;12;30;.400;1;8;.125;1;6;.167;0;11;11;13;1;2;1;26;1
40:30:00;19;28;.679;1;3;.333;4;8;.500;1;7;8;14;1;0;1;43;1
41:16:00;14;26;.538;1;4;.250;9;11;.818;1;5;6;7;3;1;4;38;1
38:24:00;12;19;.632;0;3;.000;5;8;.625;0;8;8;11;2;1;2;29;1
36:07:00;5;16;.313;0;5;.000;5;6;.833;0;7;7;9;0;2;7;15;1
38:46:00;16;29;.552;5;11;.455;5;10;.500;1;9;10;12;0;1;6;42;1
37:30:00;8;12;.667;3;3;1;8;10;.800;1;4;5;12;2;2;3;27;1
41:53:00;17;28;.607;1;4;.250;9;13;.692;1;4;5;3;2;0;7;44;1
39:16:00;11;22;.500;1;6;.167;3;4;.750;0;10;10;5;1;0;6;26;1
46:06:00;17;33;.515;5;7;.714;7;11;.636;3;8;11;9;3;1;3;46;1
48:00:00;12;24;.500;3;8;.375;8;11;.727;0;15;15;9;0;2;8;35;1
47:32:00;19;32;.594;3;7;.429;10;11;.909;4;4;8;8;1;1;5;51;1
43:51:00;10;20;.500;2;4;.500;7;9;.778;1;8;9;13;2;0;5;29;1
46:52:00;13;28;.464;1;6;.167;6;7;.857;3;7;10;11;2;2;4;33;1
40:34:00;7;13;.538;0;1;.000;9;11;.818;1;6;7;8;0;1;6;23;1
41:03:00;9;20;.450;1;5;.200;4;7;.571;2;15;17;16;1;0;4;23;1
26:41:00;4;11;.364;0;3;.000;2;2;1;0;6;6;7;2;0;6;10;1
34:29:00;11;18;.611;4;8;.500;12;17;.706;1;11;12;8;2;0;8;38;1
28:18:00;10;12;.833;4;5;.800;6;8;.750;1;5;6;10;0;1;2;30;1
33:52:00;14;19;.737;4;7;.571;4;4;1;0;10;10;10;1;1;5;36;1
36:34:00;7;15;.467;2;7;.286;4;5;.800;1;7;8;7;0;2;4;20;1
39:16:00;10;17;.588;1;5;.200;7;10;.700;0;11;11;9;4;2;7;28;1
37:31:00;13;23;.565;4;9;.444;6;10;.600;0;7;7;5;1;4;2;36;1
33:45:00;7;17;.412;0;5;.000;2;3;.667;1;14;15;9;3;0;4;16;1
30:48:00;9;18;.500;3;8;.375;8;10;.800;2;9;11;7;2;1;4;29;1
30:54:00;6;11;.545;0;2;.000;3;4;.750;1;5;6;12;0;0;3;15;1
36:25:00;10;20;.500;3;8;.375;3;4;.750;2;9;11;4;0;2;6;26;1
37:15:00;14;23;.609;1;4;.250;1;2;.500;1;9;10;11;2;2;6;30;1
38:21:00;7;18;.389;1;3;.333;11;14;.786;1;8;9;8;0;0;0;26;1
40:01:00;15;25;.600;1;4;.250;7;8;.875;3;13;16;10;1;0;2;38;1
36:24:00;9;17;.529;2;4;.500;5;6;.833;1;12;13;9;1;0;2;25;1
39:09:00;14;25;.560;3;8;.375;2;5;.400;2;7;9;9;1;1;0;33;1
39:13:00;9;16;.563;1;5;.200;6;9;.667;1;9;10;8;0;2;8;25;1
38:38:00;8;16;.500;2;5;.400;10;12;.833;2;10;12;8;1;0;6;28;1
41:51:00;15;21;.714;6;9;.667;4;6;.667;3;10;13;7;3;0;4;40;1
41:13:00;13;20;.650;1;5;.200;1;4;.250;3;11;14;10;1;0;1;28;1
36:04:00;6;13;.462;3;7;.429;3;6;.500;1;6;7;10;3;0;5;18;1
38:54:00;9;16;.563;4;9;.444;1;1;1;0;4;4;9;2;0;1;23;1
37:45:00;9;19;.474;1;5;.200;2;3;.667;1;5;6;9;1;0;7;21;1
37:50:00;10;21;.476;1;7;.143;4;7;.571;2;10;12;6;1;0;6;25;1
31:39:00;9;19;.474;6;10;.600;0;0;;1;4;5;7;0;0;3;24;1
41:25:00;11;26;.423;3;10;.300;4;6;.667;2;7;9;7;2;2;3;29;1
34:01:00;8;16;.500;3;8;.375;2;4;.500;2;9;11;5;2;3;5;21;1
38:53:00;12;23;.522;1;8;.125;3;4;.750;2;10;12;3;1;1;1;28;1
36:00:00;10;20;.500;0;4;.000;5;7;.714;2;7;9;5;1;1;3;25;1
45:28:00;8;18;.444;1;7;.143;5;7;.714;5;15;20;7;0;2;1;22;1
36:57:00;5;17;.294;1;9;.111;4;6;.667;2;8;10;5;1;1;5;15;1
31:15:00;9;13;.692;2;5;.400;2;3;.667;1;4;5;6;1;0;3;22;1
40:05:00;9;24;.375;1;8;.125;3;4;.750;2;9;11;4;0;3;4;22;1
28:07:00;10;18;.556;3;8;.375;0;0;;0;7;7;3;1;0;0;23;1
32:23:00;6;11;.545;2;4;.500;7;8;.875;1;7;8;8;0;1;0;21;1
42:57:00;10;25;.400;2;9;.222;5;5;1;2;7;9;6;0;1;3;27;1
39:10:00;9;17;.529;3;7;.429;4;4;1;1;8;9;3;2;1;4;25;1
43:08:00;10;14;.714;2;3;.667;8;11;.727;0;9;9;9;2;1;2;30;1
39:52:00;9;16;.563;0;4;.000;8;11;.727;3;9;12;9;0;1;3;26;1
40:08:00;9;19;.474;0;6;.000;4;4;1;0;9;9;10;4;2;3;22;1
42:57:00;8;19;.421;3;9;.333;4;7;.571;0;7;7;12;0;0;2;23;1
47:56:00;15;25;.600;4;7;.571;6;7;.857;2;8;10;9;2;0;1;40;1
40:45:00;10;16;.625;3;5;.600;4;5;.800;2;4;6;8;1;1;7;27;1
38:03:00;9;19;.474;3;6;.500;5;7;.714;0;8;8;12;2;2;2;26;1
42:09:00;12;20;.600;1;6;.167;1;2;.500;0;6;6;9;2;1;3;26;1
38:50:00;14;23;.609;0;2;.000;2;2;1;1;4;5;4;3;1;6;30;1
44:05:00;11;21;.524;3;7;.429;5;7;.714;1;8;9;11;4;0;1;30;1
36:15:00;8;18;.444;1;5;.200;2;2;1;1;4;5;3;2;3;4;19;1
39:37:00;8;19;.421;1;5;.200;4;4;1;3;8;11;7;1;1;2;21;1
41:10:00;13;21;.619;5;9;.556;7;10;.700;3;7;10;4;2;2;1;38;1
46:14:00;5;9;.556;2;4;.500;15;18;.833;3;9;12;8;3;3;3;27;1
40:27:00;9;21;.429;1;5;.200;3;6;.500;2;5;7;6;2;0;3;22;1
